{"input_buffer_size": 1, "preprocess_mode": 2, "camera_height": 720, "camera_width": 1280, "crop_coordinates": {"x_start": 47, "x_end": 877, "y_end": 676, "y_start": 39}, "width": 320, "postprocess_mode": 0, "input_sleep_time": 0, "debug": false, "height": 320, "source": "/home/syan/Videos/vlc-record-2020-07-25-10h55m08s-Colon polyp 191210.mp4-.mp4", "output_buffer_size": 2, "n_classes": 1, "threshold": 0.5, "engine_file_path": "/media/syan/163EAD8F3EAD6887/TRT/unet_efficientnetb4_320x320_040520_120520_140520_180520_240520_260520_280520_040620.trt", "engine_file_path_2": "/home/vdsense/Documents/trangpnq/CenterNet_VTPost/onnx/model_best_polyp_dlav0_full_dataset_20200609_epoch59.trt", "camera_fps": 30}